,id,name,city,experience,type,address,published_at,archived,employer,contacts,schedule,employer_trusted,professional_roles
0,54287190,Аналитик,Алматы,От 1 года до 3 лет,Открытая,,2022-03-29T14:02:16+0300,False,Sulpak,,fullDay,True,Аналитик
1,54374204,Аналитик,Алматы,От 3 до 6 лет,Открытая,,2022-03-31T11:20:50+0300,False,inDriver,,fullDay,True,"Финансовый аналитик, инвестиционный аналитик"
2,54452272,Стажёр Бизнес-аналитик / Системный аналитик,Алматы,Нет опыта,Открытая,,2022-03-30T11:35:05+0300,False,ASPEX,,fullDay,True,Аналитик
3,54473159,Аналитик Баз Данных / Специалист Power BI,Алматы,От 1 года до 3 лет,Открытая,,2022-03-31T05:56:56+0300,False,АО «Bank Freedom Finance Kazakhstan»,,fullDay,True,Аналитик
4,54223098,Аналитик данных (бренд аналитик),Алматы,От 3 до 6 лет,Открытая,,2022-03-31T18:52:20+0300,False,Evolution Technologies,,fullDay,True,Другое
5,54490911,Аналитик,Нур-Султан,От 1 года до 3 лет,Открытая,,2022-03-31T14:45:00+0300,False,Центр электронных финансов,,fullDay,True,Аналитик
6,54445965,Системный аналитик,Нур-Султан,От 1 года до 3 лет,Открытая,,2022-03-30T09:17:31+0300,False,Центр анализа и расследования кибер атак,,fullDay,True,Аналитик
7,54474982,Финансовый аналитик в г. Шымкент (Аналитик продаж),Шымкент,От 1 года до 3 лет,Открытая,,2022-03-31T08:08:39+0300,False,Галерея,,fullDay,True,Бухгалтер
8,54477505,Data Analyst (Развёртывание BigData),Алматы,От 3 до 6 лет,Открытая,,2022-03-31T09:32:34+0300,False,Spark Logistics,,fullDay,True,Аналитик
9,54443143,Аналитик Управления контроля качества и анализа данных,Алматы,От 1 года до 3 лет,Открытая,,2022-03-30T07:44:08+0300,False,Публичная Компания «Freedom Finance Global PLC»,,fullDay,True,Аналитик
10,54466205,Аналитик SAS,Алматы,От 1 года до 3 лет,Открытая,,2022-03-30T16:47:37+0300,False,"Банк Хоум Кредит, ДБ АО",,fullDay,True,Аналитик
11,54474780,Аналитик,Алматы,Нет опыта,Открытая,,2022-03-31T07:55:47+0300,False,К1М,,fullDay,True,Аналитик
12,54426782,Аналитик данных / Junior Data Analyst,Алматы,Нет опыта,Открытая,,2022-03-29T14:53:27+0300,False,BP Contact,,fullDay,True,Аналитик
13,54474207,Бизнес-аналитик со знанием SQL,Алматы,От 3 до 6 лет,Открытая,,2022-03-31T07:25:31+0300,False,Prime Source,,fullDay,True,Аналитик
14,54473877,Аналитик,Алматы,От 1 года до 3 лет,Открытая,,2022-03-31T07:01:42+0300,False,Коллекторское агентство Национальная служба взыскания,,fullDay,True,Аналитик
15,54475126,Системный аналитик,Алматы,От 3 до 6 лет,Открытая,,2022-03-31T08:14:32+0300,False,АНКОР Центральная Азия,,fullDay,True,Аналитик
16,54453433,Data analyst,Алматы,От 1 года до 3 лет,Открытая,,2022-03-30T11:55:34+0300,False,Микрокредитная организация I-Credit,,fullDay,True,Аналитик
17,54473702,Финансовый аналитик,Алматы,От 1 года до 3 лет,Открытая,,2022-03-31T06:45:49+0300,False,JTI Kazakhstan,,fullDay,True,"Финансовый аналитик, инвестиционный аналитик"
18,54487745,Аналитик отдела продаж,Алматы,От 1 года до 3 лет,Открытая,,2022-03-31T13:22:36+0300,False,Henkel Central Asia & Caucasus,,fullDay,True,Аналитик
19,54503015,Аналитик-маркетолог,Нур-Султан,От 3 до 6 лет,Открытая,,2022-04-01T07:20:30+0300,False,HR Consult,,fullDay,True,Аналитик
20,53994230,Аналитик POWER BI,Алматы,От 3 до 6 лет,Открытая,,2022-03-29T14:31:16+0300,False,Югентас Транс Сервис,,fullDay,True,Аналитик
21,53668347,Аналитик CRM,Алматы,От 1 года до 3 лет,Открытая,,2022-03-30T10:54:16+0300,False,Новое групп,,fullDay,True,Аналитик
22,51165363,Бизнес-аналитик,Алматы,От 1 года до 3 лет,Открытая,,2022-03-31T06:12:46+0300,False,Сәтті Жұлдыз,,fullDay,True,Аналитик
23,53956763,Крипто-аналитик,Нур-Султан,От 1 года до 3 лет,Открытая,,2022-03-31T22:24:01+0300,False,Центр Обработки Данных,,remote,True,Аналитик
24,54423970,Data Analyst,Нур-Султан,От 3 до 6 лет,Открытая,,2022-03-29T13:53:11+0300,False,Prime Source,,fullDay,True,Аналитик
25,54426884,Системный аналитик,Алматы,От 1 года до 3 лет,Открытая,,2022-03-29T14:56:07+0300,False,Тинькофф,,remote,True,Аналитик
26,53870861,Аналитик продаж,Алматы,От 1 года до 3 лет,Открытая,,2022-03-30T12:24:18+0300,False,Alhadaya,,fullDay,True,Аналитик
27,54475232,Бизнес-аналитик,Нур-Султан,От 1 года до 3 лет,Открытая,,2022-03-31T08:21:32+0300,False,Samal Software,,fullDay,True,Аналитик
28,53316837,Системный аналитик,Алматы,От 1 года до 3 лет,Открытая,,2022-03-29T12:05:55+0300,False,Халык-Лизинг,,fullDay,True,Аналитик
29,54469597,Системный (бизнес) аналитик,Алматы,От 3 до 6 лет,Открытая,,2022-03-30T18:57:49+0300,False,SmartEx Company,,fullDay,True,Аналитик
30,54412025,Ведущий Аналитик SQL в HR отдел,Алматы,От 1 года до 3 лет,Открытая,,2022-03-29T10:26:13+0300,False,"Банк Хоум Кредит, ДБ АО",,fullDay,True,Аналитик
31,54289907,Продуктовый Аналитик,Алматы,От 1 года до 3 лет,Открытая,,2022-03-28T15:28:29+0300,False,Magnum E-commerce Kazakhstan,,fullDay,True,Аналитик
32,54457050,Системный аналитик,Алматы,От 3 до 6 лет,Открытая,,2022-03-30T13:20:06+0300,False,Smart Electronics,,fullDay,True,Аналитик
33,54446640,Руководитель маркетинговой аналитики / web-аналитик,Алматы,От 3 до 6 лет,Открытая,,2022-03-30T09:35:01+0300,False,NetBet (НэтБэт),,fullDay,True,Другое
34,50265850,Аналитик по разработке продукта,Алматы,От 3 до 6 лет,Открытая,,2022-03-31T14:38:05+0300,False,One technologies,,fullDay,True,Аналитик
35,54448742,Ревизор - аналитик,Алматы,От 1 года до 3 лет,Открытая,,2022-03-30T10:14:08+0300,False,MAGNUM,,fullDay,True,Бухгалтер
36,54485472,Младший аналитик,Алматы,От 1 года до 3 лет,Открытая,,2022-03-31T12:31:57+0300,False,МТС-ТОРГ,,fullDay,True,Аналитик
37,54487580,Финансовый аналитик,Алматы,От 3 до 6 лет,Открытая,,2022-03-31T13:18:09+0300,False,TengizTransGroup (ТенгизТрансГрупп),,fullDay,True,"Финансовый аналитик, инвестиционный аналитик"
38,54318436,Главный аналитик,Алматы,От 3 до 6 лет,Открытая,,2022-03-29T12:57:24+0300,False,Halyk Global Markets,,fullDay,True,Аналитик
39,54449388,Аналитик отдела продаж,Алматы,От 1 года до 3 лет,Открытая,,2022-03-30T10:29:28+0300,False,АЛИДИ,,fullDay,True,Аналитик
40,54354558,Ведущий специалист по аналитике,Алматы,От 1 года до 3 лет,Открытая,,2022-03-27T19:57:31+0300,False,"Beeline, ТМ",,fullDay,True,Аналитик
41,54416675,Аналитик-консультант 1С,Алматы,От 1 года до 3 лет,Открытая,,2022-03-29T11:37:13+0300,False,Джи Эф Си,,fullDay,True,Аналитик
42,54372732,Финансовый аналитик,Алматы,От 3 до 6 лет,Открытая,,2022-03-31T11:02:33+0300,False,Hyundai Trans Kazakhstan,,fullDay,True,"Финансовый аналитик, инвестиционный аналитик"
43,54320894,Консультант-аналитик,Алматы,От 3 до 6 лет,Открытая,,2022-03-31T13:49:37+0300,False,ICORE-Integration,,fullDay,True,Аналитик
44,54364928,Аналитик финансовой отчетности,Алматы,От 3 до 6 лет,Открытая,,2022-03-28T08:45:15+0300,False,PepsiCo Kazakhstan,,fullDay,True,"Финансовый аналитик, инвестиционный аналитик"
45,54506940,Системный аналитик,Алматы,От 3 до 6 лет,Открытая,,2022-04-01T10:02:41+0300,False,Исткомтранс,,fullDay,True,Аналитик
46,53214719,Финансовый аналитик,Алматы,От 3 до 6 лет,Открытая,,2022-03-31T12:44:11+0300,False,ДБ Альфа-Банк,,fullDay,True,"Финансовый аналитик, инвестиционный аналитик"
47,52993864,Аналитик по финансовому учету,Алматы,От 3 до 6 лет,Открытая,,2022-03-28T10:49:02+0300,False,Первый БИТ,,fullDay,True,"Финансовый аналитик, инвестиционный аналитик"
48,54444673,Начинающий Продуктолог / Product manager / Product Analyst,Алматы,Нет опыта,Открытая,,2022-03-30T08:40:41+0300,False,ASPEX,,fullDay,True,Менеджер продукта
49,53365939,Аналитик отдела продаж,Алматы,От 1 года до 3 лет,Открытая,,2022-03-29T11:37:21+0300,False,STYNERGY,,fullDay,True,Аналитик
50,54422096,Аналитик 1С,Алматы,От 1 года до 3 лет,Открытая,,2022-03-29T13:23:12+0300,False,Джи Эф Си,,remote,True,Аналитик
51,52122811,Data аналитик/Риск-менеджер,Алматы,От 1 года до 3 лет,Открытая,,2022-03-28T14:20:17+0300,False,Банк ЦентрКредит,,fullDay,True,Аналитик
52,54480093,Контент-аналитик,Алматы,От 1 года до 3 лет,Открытая,,2022-03-31T10:32:44+0300,False,RANKING.KZ (РЭНКИНГ.КЗ),,fullDay,True,Аналитик
53,53154966,Бизнес-аналитик,Нур-Султан,От 3 до 6 лет,Открытая,,2022-03-28T12:08:34+0300,False,AG TECH,,fullDay,True,Аналитик
54,54461710,IT аналитик,Нур-Султан,От 1 года до 3 лет,Открытая,,2022-03-30T15:05:09+0300,False,IT Invest Group,,fullDay,True,Аналитик
55,53635185,Финансовый аналитик,Алматы,От 3 до 6 лет,Открытая,,2022-03-31T15:06:10+0300,False,Baker Tilly Qazaqstan Advisory (Бейкер Тилли Казахстан Эдвайзори),,fullDay,True,"Финансовый аналитик, инвестиционный аналитик"
56,54376217,Финансовый аналитик,Алматы,От 1 года до 3 лет,Открытая,,2022-03-31T11:51:26+0300,False,IBCGROUP WORK AND STUDY,,fullDay,True,"Финансовый аналитик, инвестиционный аналитик"
57,53613405,Аналитик по техноэкономическому моделированию,Рудный,Более 6 лет,Открытая,,2022-03-31T09:46:44+0300,False,ERG Service,,fullDay,True,Экономист
58,54304673,Стажер-аналитик,Нур-Султан,Нет опыта,Открытая,,2022-03-25T06:59:19+0300,False,Omega System Ltd,,remote,True,Аналитик
59,54289592,Аналитик (Data Science),Алматы,От 1 года до 3 лет,Открытая,,2022-03-24T14:52:03+0300,False,"Kaspi Bank, АО",,fullDay,True,Аналитик
60,54273472,Бизнес-аналитик,Нур-Султан,От 3 до 6 лет,Открытая,,2022-03-24T09:25:52+0300,False,"МЕЧТА, ТМ (Мечта Маркет, ТОО)",,fullDay,True,Аналитик
61,54281914,Бизнес-аналитик,Нур-Султан,От 3 до 6 лет,Открытая,,2022-03-24T12:08:45+0300,False,SilkwayTransit,,fullDay,True,Аналитик
62,53482841,Аналитик-товаровед,Алматы,От 3 до 6 лет,Открытая,,2022-03-29T11:47:42+0300,False,"Горецкий,(Магазин Швейная Фурнитура)",,fullDay,True,Товаровед
63,53369006,Финансовый аналитик,Алматы,От 3 до 6 лет,Открытая,,2022-03-31T12:33:16+0300,False,Orbis Auto,,fullDay,True,"Финансовый аналитик, инвестиционный аналитик"
64,54304751,Аналитик отдела продаж,Алматы,От 1 года до 3 лет,Открытая,,2022-03-25T07:04:57+0300,False,Apple City Corps,,fullDay,True,Аналитик
65,50759091,Бизнес-аналитик,Алматы,От 1 года до 3 лет,Открытая,,2022-03-25T08:49:19+0300,False,Аврора Холдинг,,fullDay,True,Аналитик
66,54274569,Аналитик,Нур-Султан,От 1 года до 3 лет,Открытая,,2022-03-24T09:47:35+0300,False,Селиванова У.В.,,fullDay,True,Аналитик
67,54443921,Аналитик по трейд маркетингу,Алматы,От 1 года до 3 лет,Открытая,,2022-03-30T08:17:55+0300,False,Раимбек Боттлерс ТМ,,fullDay,True,Менеджер по маркетингу и рекламе
68,51900600,Маркетолог-аналитик,Нур-Султан,От 3 до 6 лет,Открытая,,2022-03-30T14:46:56+0300,False,«Miraba Group»,,fullDay,True,Менеджер по маркетингу и рекламе
69,54316676,Аналитик,Алматы,От 1 года до 3 лет,Открытая,,2022-03-25T12:17:31+0300,False,Коллекторское агентство ЦПК,,fullDay,True,Аналитик
70,54270272,Бизнес-аналитик,Алматы,От 1 года до 3 лет,Открытая,,2022-03-24T07:55:33+0300,False,Prime Source,,fullDay,True,Аналитик
71,54363348,Системный аналитик,Нур-Султан,От 1 года до 3 лет,Открытая,,2022-03-28T08:12:36+0300,False,АСУ Кибернетика,,fullDay,True,Аналитик
72,54306462,Бизнес-аналитик в Digital,Алматы,От 1 года до 3 лет,Открытая,,2022-03-25T08:23:56+0300,False,Мобайл Телеком-Сервис (Объединенная Компания Tele2/ALTEL),,fullDay,True,Аналитик
73,54502588,Финансовый аналитик,Алматы,От 1 года до 3 лет,Открытая,,2022-04-01T06:41:39+0300,False,ГК МАМЫР,,fullDay,True,"Финансовый аналитик, инвестиционный аналитик"
74,54316856,Помощник аналитика,Алматы,От 1 года до 3 лет,Открытая,,2022-03-25T12:23:04+0300,False,ASTER AUTO,,fullDay,True,Аналитик
75,54304538,IT-аналитик,Нур-Султан,От 1 года до 3 лет,Открытая,,2022-03-25T06:49:00+0300,False,Тамур,,fullDay,True,Аналитик
76,53363589,Логист-аналитик,Алматы,От 1 года до 3 лет,Открытая,,2022-03-31T10:52:25+0300,False,CBC-GROUP (Группа компаний СВС),,fullDay,True,"Менеджер по логистике, менеджер по ВЭД"
77,54223117,Бренд-менеджер (бренд-аналитик),Алматы,От 1 года до 3 лет,Открытая,,2022-03-31T18:54:13+0300,False,Evolution Technologies,,fullDay,True,Другое
78,54386585,Финансист-аналитик,Актау,От 1 года до 3 лет,Открытая,,2022-03-28T15:02:41+0300,False,Yasira Group,,fullDay,True,"Финансовый аналитик, инвестиционный аналитик"
79,53908970,Финансовый аналитик,Алматы,От 3 до 6 лет,Открытая,,2022-03-31T06:18:03+0300,False,Interoil-Marketing & Services Kazakhstan,,fullDay,True,"Финансовый аналитик, инвестиционный аналитик"
80,54269644,Системный Аналитик,Алматы,Нет опыта,Открытая,,2022-03-24T07:29:42+0300,False,"Банк Хоум Кредит, ДБ АО",,fullDay,True,Аналитик
81,54332691,Teamlead отдела IT аналитики,Алматы,От 3 до 6 лет,Открытая,,2022-03-25T21:14:09+0300,False,Микрофинансовая организация KMF(КМФ),,fullDay,True,Аналитик
82,54316535,Менеджер аналитик,Шымкент,От 1 года до 3 лет,Открытая,,2022-03-28T13:40:41+0300,False,ATAMIRAS.S,,fullDay,True,Фармацевт-провизор
83,54288151,Старший аналитик Отдел кредитного анализа,Алматы,От 1 года до 3 лет,Открытая,,2022-03-24T14:19:42+0300,False,Народный банк Казахстана,,fullDay,True,Аудитор
84,51829663,Аналитик бизнес-процессов,Семей,От 3 до 6 лет,Открытая,,2022-03-24T06:19:35+0300,False,ЭЙКОС,,fullDay,True,Аналитик
85,54319332,Аналитик-маркетолог,Алматы,От 1 года до 3 лет,Открытая,,2022-03-25T13:17:29+0300,False,Биржевые технологии,,fullDay,True,Другое
86,54311764,Системный аналитик Colvir,Алматы,От 1 года до 3 лет,Открытая,,2022-03-25T10:38:42+0300,False,Народный банк Казахстана,,fullDay,True,Аналитик
87,53992646,Data-аналитик (Аналитик-технолог),Нур-Султан,От 1 года до 3 лет,Открытая,,2022-03-17T14:08:03+0300,False,РГП на ПХВ Инженерно-технический центр Управления Делами Президента Республики Казахстан,,fullDay,True,Аналитик
88,54088160,Аналитик,Алматы,От 1 года до 3 лет,Открытая,,2022-03-19T16:49:52+0300,False,Жакиева А.А,,flexible,True,Аналитик
89,54024636,Бизнес-аналитик,Алматы,От 3 до 6 лет,Открытая,,2022-03-18T07:29:13+0300,False,ASTER AUTO,,fullDay,True,Аналитик
90,53992565,Бизнес-аналитик,Алматы,От 1 года до 3 лет,Открытая,,2022-03-17T14:06:21+0300,False,Тамерлан Моторс,,fullDay,True,Аналитик
91,54031248,Системный аналитик/PM,Нур-Султан,От 1 года до 3 лет,Открытая,,2022-03-18T10:02:17+0300,False,Рэбэл,,fullDay,True,Аналитик
92,53822497,Аналитик,Нур-Султан,От 1 года до 3 лет,Открытая,,2022-03-14T15:00:47+0300,False,Smart Remont,,fullDay,True,Аналитик
93,53998384,Бизнес-аналитик,Павлодар,От 1 года до 3 лет,Открытая,,2022-03-17T15:41:07+0300,False,Тамерлан Моторс,,fullDay,True,Аналитик
94,54026786,Аналитик/data-журналист,Алматы,От 3 до 6 лет,Открытая,,2022-03-18T08:35:09+0300,False,Первое Кредитное бюро,,fullDay,True,Другое
95,54034139,Аналитик подразделения Коммерческих Финансов,Алматы,От 1 года до 3 лет,Открытая,,2022-03-18T10:46:55+0300,False,JTI Kazakhstan,,fullDay,True,"Финансовый аналитик, инвестиционный аналитик"
96,51188567,Бизнес-аналитик,Алматы,От 3 до 6 лет,Открытая,,2022-03-16T14:13:48+0300,False,Globerce Inc.,,fullDay,True,Аналитик
97,54270310,Аналитик,Алматы,От 1 года до 3 лет,Открытая,,2022-03-24T07:58:32+0300,False,Евразийское коллекторское агентство,,fullDay,True,Аналитик
98,53878838,Аналитик данных,Алматы,От 1 года до 3 лет,Открытая,,2022-03-15T14:24:32+0300,False,"Евразийский банк, АО",,fullDay,True,Аналитик
99,53816255,Бизнес-Аналитик,Алматы,От 3 до 6 лет,Открытая,,2022-03-14T13:24:50+0300,False,АО «Bank Freedom Finance Kazakhstan»,,fullDay,True,Аналитик
100,53812247,Middle BI-аналитик,Алматы,От 1 года до 3 лет,Открытая,,2022-03-14T12:34:52+0300,False,ASPEX,,remote,True,Аналитик
101,54094469,Data Analyst Службы вознаграждения и оргэффективности,Алматы,От 1 года до 3 лет,Открытая,,2022-03-19T21:51:46+0300,False,Казахтелеком,,fullDay,True,Аналитик
102,53791882,Аналитик Power BI,Алматы,От 1 года до 3 лет,Открытая,,2022-03-14T07:40:49+0300,False,«ФИНАНСОВЫЙ ХОЛДИНГ «РЕСПУБЛИКА»,,fullDay,True,Аналитик
103,53983327,Финансовый бизнес аналитик,Алматы,От 1 года до 3 лет,Открытая,,2022-03-17T11:40:03+0300,False,VILED GROUP,,fullDay,True,"Финансовый аналитик, инвестиционный аналитик"
104,53870928,Менеджер-аналитик,Алматы,От 1 года до 3 лет,Открытая,,2022-03-15T12:26:22+0300,False,КазТур,,fullDay,True,Бухгалтер
105,53791096,Бизнес - аналитик (junior),Нур-Султан,От 1 года до 3 лет,Открытая,,2022-03-14T07:16:13+0300,False,Prime Source,,fullDay,True,Аналитик
106,50939879,Бизнес-аналитик,Алматы,От 1 года до 3 лет,Открытая,,2022-03-12T15:39:15+0300,False,СберРешения,,fullDay,True,Аналитик
107,53910921,Бизнес-аналитик,Алматы,От 3 до 6 лет,Открытая,,2022-03-16T07:25:17+0300,False,Business Applications Solutions,,fullDay,True,"Продавец-консультант, продавец-кассир"
108,47438202,Бизнес-аналитик,Алматы,Более 6 лет,Открытая,,2022-03-14T07:04:35+0300,False,ДБ Альфа-Банк,,fullDay,True,Аналитик
109,53626998,Аналитик,Алматы,От 1 года до 3 лет,Открытая,,2022-03-10T13:02:21+0300,False,Абди Ибрахим Глобал Фарм,,fullDay,True,Аналитик
110,53997236,"Аналитик бизнес процессов, kpi",Актобе,От 3 до 6 лет,Открытая,,2022-03-17T15:20:13+0300,False,DENTAL CENTRE,,fullDay,True,Аналитик
111,52462402,Аналитик по инновациям,Нур-Султан,От 3 до 6 лет,Открытая,,2022-03-16T06:44:00+0300,False,ERG Service,,fullDay,True,Аналитик
112,53689978,Бизнес-аналитик,Нур-Султан,От 3 до 6 лет,Открытая,,2022-03-11T13:46:16+0300,False,Prime Source,,flexible,True,Аналитик
113,53693619,Ведущий аналитик,Нур-Султан,От 1 года до 3 лет,Открытая,,2022-03-11T14:45:13+0300,False,"Beeline, ТМ",,fullDay,True,Аналитик
114,53680887,Аналитик данных,Алматы,От 1 года до 3 лет,Открытая,,2022-03-11T11:39:43+0300,False,Astana-Plat,,fullDay,True,Аналитик
115,54261086,System Analyst,Алматы,От 1 года до 3 лет,Открытая,,2022-03-23T17:53:32+0300,False,Playrix,,fullDay,True,Аналитик
116,53857172,Бизнес-аналитик (маркетолог),Алматы,От 1 года до 3 лет,Открытая,,2022-03-15T08:52:30+0300,False,Алси,,fullDay,True,Менеджер по маркетингу и рекламе
117,54272047,Финансовый аналитик,Алматы,От 1 года до 3 лет,Открытая,,2022-03-24T08:50:57+0300,False,Масло-Дел,,fullDay,True,"Финансовый аналитик, инвестиционный аналитик"
118,53986831,Data Analyst / Web Analyst,Алматы,От 1 года до 3 лет,Открытая,,2022-03-17T12:30:57+0300,False,Improvado,,remote,True,Аналитик
119,53549790,Аналитик BI (отчетность DWH),Алматы,От 1 года до 3 лет,Открытая,,2022-03-09T09:44:59+0300,False,Тинькофф,,remote,True,Аналитик
120,53888039,Аналитик,Алматы,Нет опыта,Открытая,,2022-03-15T16:55:41+0300,False,Объединение юридических лиц Национальная ассоциация переработчиков масличных культур,,fullDay,True,Аналитик
121,49404950,Бизнес-аналитик,Нур-Султан,От 1 года до 3 лет,Открытая,,2022-03-08T08:38:06+0300,False,"ALSECO, АО",,fullDay,True,Аналитик
122,53925364,Аналитик по управленческому учету на проекты,Нур-Султан,От 3 до 6 лет,Открытая,,2022-03-16T11:35:17+0300,False,1С-Рейтинг,,fullDay,True,Аналитик
123,53909578,Системный аналитик,Алматы,От 3 до 6 лет,Открытая,,2022-03-16T06:41:41+0300,False,Jusan Bank,,fullDay,True,Аналитик
124,50577209,Бизнес-аналитик,Алматы,От 1 года до 3 лет,Открытая,,2022-03-09T05:09:43+0300,False,«Компания по страхованию жизни «Nomad Life»,,fullDay,True,Аналитик
125,53957458,Аналитик бизнес-процессов/Методолог,Алматы,От 1 года до 3 лет,Открытая,,2022-03-16T23:00:32+0300,False,TerraLink,,fullDay,True,Аналитик
126,53607427,Старший аналитик,Алматы,От 3 до 6 лет,Открытая,,2022-03-10T08:06:07+0300,False,Народный банк Казахстана,,fullDay,True,Аналитик
127,53737758,Бизнес аналитик сектора Customer Base Management,Алматы,От 1 года до 3 лет,Открытая,,2022-03-12T15:28:40+0300,False,Казахтелеком,,fullDay,True,Аналитик
128,50939914,Системный аналитик,Алматы,От 1 года до 3 лет,Открытая,,2022-03-12T15:39:14+0300,False,СберРешения,,fullDay,True,Аналитик
129,53373969,Аналитик,Нур-Султан,От 1 года до 3 лет,Открытая,,2022-03-04T14:09:54+0300,False,"BI GROUP, ТМ (ТОО BI Support)",,fullDay,True,Аналитик
130,53793756,Финансовый аналитик,Алматы,Нет опыта,Открытая,,2022-03-14T08:17:22+0300,False,Жаркент Фрукт,,fullDay,True,"Финансовый аналитик, инвестиционный аналитик"
131,53615539,Риск-аналитик,Костанай,От 1 года до 3 лет,Открытая,,2022-03-10T10:17:56+0300,False,МФО LFTech (ТМ Деньги Маркет),,remote,True,"Финансовый аналитик, инвестиционный аналитик"
132,53609810,Аналитик (в управление по развитию продуктов розничного фондирования),Алматы,От 1 года до 3 лет,Открытая,,2022-03-10T08:48:28+0300,False,"Банк Хоум Кредит, ДБ АО",,fullDay,True,Аналитик
133,53693824,Аналитик Dynamics 365 CRM,Алматы,От 3 до 6 лет,Открытая,,2022-03-11T14:51:20+0300,False,Атос АйТи Солюшенс энд Сервисез,,remote,True,Аналитик
134,48279673,Бизнес-аналитик в Управление развития онлайн продаж,Алматы,От 1 года до 3 лет,Открытая,,2022-03-14T07:04:30+0300,False,ДБ Альфа-Банк,,fullDay,True,Аналитик
135,53854570,Ведущий аналитик / Исследователь-аналитик (маркетинговые и социологические исследования),Алматы,От 1 года до 3 лет,Открытая,,2022-03-15T07:54:48+0300,False,Bisam Central Asia,,fullDay,True,Аналитик
136,53879181,Бизнес-аналитик управления финансового менеджмента,Алматы,От 3 до 6 лет,Открытая,,2022-03-15T14:32:52+0300,False,"Банк Хоум Кредит, ДБ АО",,fullDay,True,"Финансовый аналитик, инвестиционный аналитик"
137,48400767,Аналитик,Алматы,От 1 года до 3 лет,Открытая,,2022-03-03T06:46:03+0300,False,Алтын Алма,,fullDay,True,Аналитик
138,53693825,Аналитик Dynamics 365 CRM,Нур-Султан,От 3 до 6 лет,Открытая,,2022-03-11T14:51:20+0300,False,Атос АйТи Солюшенс энд Сервисез,,remote,True,Аналитик
139,53170914,Финансовый аналитик,Алматы,От 1 года до 3 лет,Открытая,,2022-03-18T14:34:43+0300,False,XFinity Solutions,,fullDay,True,"Финансовый аналитик, инвестиционный аналитик"
140,53573312,Аналитик бизнес-процессов,Нур-Султан,От 1 года до 3 лет,Открытая,,2022-03-09T14:42:13+0300,False,Ingenio,,flexible,True,Аналитик
141,53665532,Аналитик отдела продаж,Алматы,От 1 года до 3 лет,Открытая,,2022-03-11T06:41:48+0300,False,Aitas KZ,,fullDay,True,Аналитик
142,54041973,Аналитик (Отдел развития бизнеса и маркетинга),Шымкент,От 1 года до 3 лет,Открытая,,2022-03-18T13:02:07+0300,False,"BI GROUP, ТМ (ТОО BI Support)",,fullDay,True,Аналитик
143,49274390,Аналитик КА,Алматы,От 1 года до 3 лет,Открытая,,2022-03-03T06:46:06+0300,False,Алтын Алма,,fullDay,True,Аналитик
144,53925365,Аналитик по управленческому учету на проекты,Усть-Каменогорск,От 3 до 6 лет,Открытая,,2022-03-16T11:35:17+0300,False,1С-Рейтинг,,fullDay,True,Аналитик
145,53738565,Главный бизнес аналитик сектора Customer Base Management (BI-разработчик),Алматы,Нет опыта,Открытая,,2022-03-12T15:58:35+0300,False,Казахтелеком,,fullDay,True,Аналитик
146,52268917,Старший системный аналитик,Нур-Султан,От 3 до 6 лет,Открытая,,2022-03-12T07:39:55+0300,False,Коркем Телеком,,fullDay,True,Аналитик
147,50207442,Бизнес-аналитик,Алматы,От 3 до 6 лет,Открытая,,2022-03-03T06:53:29+0300,False,Армтек (ЗапчастьТрейд),,fullDay,True,Аналитик
148,53202609,Аналитик по товару,Алматы,От 1 года до 3 лет,Открытая,,2022-03-17T06:50:08+0300,False,Direzione trading KZ(Дирезион трейдинг КЗ),,fullDay,True,Другое
149,53678516,Аналитик-маркетолог,Нур-Султан,Нет опыта,Открытая,,2022-03-11T11:04:08+0300,False,Институт маркетинговых и социологических,,fullDay,True,Менеджер по маркетингу и рекламе
150,53815789,Финансовый аналитик,Алматы,От 3 до 6 лет,Открытая,,2022-03-14T13:20:24+0300,False,TECHNODOM Operator (Технодом Оператор),,flexible,True,"Финансовый аналитик, инвестиционный аналитик"
151,53542061,Финансовый аналитик,Алматы,Нет опыта,Открытая,,2022-03-09T07:19:37+0300,False,АНКОР Центральная Азия,,fullDay,True,"Финансовый аналитик, инвестиционный аналитик"
152,53570195,Аналитик службы продаж,Усть-Каменогорск,От 1 года до 3 лет,Открытая,,2022-03-09T13:56:29+0300,False,Aitas KZ,,fullDay,True,Аналитик
153,53266827,Аналитик по продажам,Алматы,Нет опыта,Открытая,,2022-03-02T12:17:52+0300,False,Apple City Corps,,fullDay,True,Аналитик
154,52590421,Финансовый Аналитик,Нур-Султан,От 1 года до 3 лет,Открытая,,2022-03-11T09:28:37+0300,False,RG Gold,,fullDay,True,"Финансовый аналитик, инвестиционный аналитик"
155,49356799,Digital-аналитик,Алматы,От 1 года до 3 лет,Открытая,,2022-03-03T17:37:40+0300,False,"Beeline, ТМ",,fullDay,True,Менеджер по маркетингу и рекламе
156,53612478,Системный аналитик,Алматы,От 1 года до 3 лет,Открытая,,2022-03-10T09:39:31+0300,False,"Евразийский банк, АО",,fullDay,True,Аналитик
157,53602104,Бизнес-аналитик/тестировщик Qlik Sense /Qlik View,Алматы,Нет опыта,Открытая,,2022-03-10T05:12:08+0300,False,RG Brands,,fullDay,True,Тестировщик
158,53682577,Системный аналитик ESB,Алматы,От 3 до 6 лет,Открытая,,2022-03-11T12:01:08+0300,False,"Beeline, ТМ",,fullDay,True,Технический писатель
159,53982521,HR Data Analyst,Алматы,От 1 года до 3 лет,Открытая,,2022-03-17T11:22:58+0300,False,"Kaspi Bank, АО",,fullDay,True,Аналитик
160,53308362,Системный аналитик,Алматы,От 3 до 6 лет,Открытая,,2022-03-03T09:45:44+0300,False,Частное учреждение «Корпоративный университет «Самрук-Казына»,,fullDay,True,Другое
161,53269369,Бизнес-аналитик в отдел моделирования и прогнозирования,Алматы,От 3 до 6 лет,Открытая,,2022-03-02T13:06:24+0300,False,ДБ Альфа-Банк,,fullDay,True,Аналитик
162,53363627,IT Аналитик,Нур-Султан,От 1 года до 3 лет,Открытая,,2022-03-04T10:53:32+0300,False,Platonus,,fullDay,True,Аналитик
163,53269355,Бизнес-аналитик в отдел развития отчетности,Алматы,От 3 до 6 лет,Открытая,,2022-03-02T13:05:53+0300,False,ДБ Альфа-Банк,,fullDay,True,Аналитик
164,53337698,Аналитик электронных бизнес систем,Алматы,От 1 года до 3 лет,Открытая,,2022-03-03T18:48:44+0300,False,"AIR ASTANA, АО",,fullDay,True,Аналитик
165,53272449,Аналитик в казначейство,Алматы,От 1 года до 3 лет,Открытая,,2022-03-02T13:56:58+0300,False,"Банк Хоум Кредит, ДБ АО",,fullDay,True,"Финансовый аналитик, инвестиционный аналитик"
166,53606280,Бизнес-аналитик,Нур-Султан,От 1 года до 3 лет,Открытая,,2022-03-10T07:37:41+0300,False,Емдеу 7,,fullDay,True,Аналитик
167,53355846,Бизнес-аналитик,Нур-Султан,От 1 года до 3 лет,Открытая,,2022-03-04T08:24:11+0300,False,Iserv,,fullDay,True,Аналитик
168,53264420,Data analyst,Нур-Султан,От 1 года до 3 лет,Открытая,,2022-03-02T11:41:40+0300,False,Smart Remont,,fullDay,True,Аналитик
169,53267338,Middle IT аналитик,Алматы,От 3 до 6 лет,Открытая,,2022-03-02T12:30:10+0300,False,Микрофинансовая организация KMF(КМФ),,fullDay,True,Аналитик
170,53549769,Системный аналитик DWH,Алматы,От 1 года до 3 лет,Открытая,,2022-03-09T09:44:42+0300,False,Тинькофф,,remote,True,Аналитик
171,53273850,Системный аналитик в E-com проект,Алматы,От 1 года до 3 лет,Открытая,,2022-03-02T14:19:36+0300,False,ДБ Альфа-Банк,,remote,True,Аналитик
172,53861426,Финансовый аналитик (бизнес-планы),Нур-Султан,От 1 года до 3 лет,Открытая,,2022-03-15T10:09:36+0300,False,MG First,,fullDay,True,"Финансовый аналитик, инвестиционный аналитик"
173,53689151,Аналитик бизнес-процессов,Алматы,От 1 года до 3 лет,Открытая,,2022-03-11T13:40:35+0300,False,Ingenio,,flexible,True,Аналитик
174,53617444,Системный аналитик по организации управления,Нур-Султан,От 3 до 6 лет,Открытая,,2022-03-10T10:43:27+0300,False,Бизнес-Эксперт Консалт,,fullDay,True,Аудитор
175,53272548,Аналитик бизнес-процессов,Караганда,От 1 года до 3 лет,Открытая,,2022-03-02T13:59:35+0300,False,Ingenio,,flexible,True,Аналитик
176,53667950,Финансовый аналитик,Алматы,От 3 до 6 лет,Открытая,,2022-03-11T07:47:49+0300,False,МТС-ТОРГ,,fullDay,True,"Финансовый аналитик, инвестиционный аналитик"
177,53408075,Финансовый аналитик,Атырау,От 3 до 6 лет,Открытая,,2022-03-05T09:57:05+0300,False,Моторная компания «Астана-Моторс»,,fullDay,True,"Финансовый аналитик, инвестиционный аналитик"
178,53303818,Старший аналитик по финансовым вопросам ИТО,Алматы,От 3 до 6 лет,Открытая,,2022-03-03T08:19:55+0300,False,"AIR ASTANA, АО",,fullDay,True,"Финансовый аналитик, инвестиционный аналитик"
179,54455118,Аналитик IT,Нур-Султан,От 3 до 6 лет,Открытая,,2022-03-30T12:33:35+0300,False,Научно-исследовательская лаборатория Квант,,fullDay,True,Аналитик
180,54443596,Старший аналитик департамента казначейства,Алматы,От 3 до 6 лет,Открытая,,2022-03-30T08:05:37+0300,False,Публичная Компания «Freedom Finance Global PLC»,,fullDay,True,Казначей
181,51931726,Бизнес-аналитик (сопровождение и развитие информационных систем),Алматы,От 1 года до 3 лет,Открытая,,2022-04-01T07:41:39+0300,False,"ALSECO, АО",,fullDay,True,Аналитик
182,54500062,Финансовый аналитик,Нур-Султан,От 3 до 6 лет,Открытая,,2022-03-31T20:50:34+0300,False,Fortunata,,fullDay,True,"Финансовый аналитик, инвестиционный аналитик"
183,54491480,Главный Data аналитик (Senior Data Analyst),Алматы,От 3 до 6 лет,Открытая,,2022-03-31T14:58:33+0300,False,TECHNODOM Operator (Технодом Оператор),,fullDay,True,Аналитик
184,54310175,Социолог аналитик,Нур-Султан,От 1 года до 3 лет,Открытая,,2022-03-25T10:01:08+0300,False,Kleffmann Kazakhstan,,fullDay,True,Другое
185,53857226,Аналитик автоматизации бизнес-процессов,Алматы,От 1 года до 3 лет,Открытая,,2022-03-15T08:54:11+0300,False,"Beeline, ТМ",,fullDay,True,Аналитик
186,53664248,Младший аналитик департамента логистики,Алматы,От 1 года до 3 лет,Открытая,,2022-03-11T05:58:11+0300,False,"ФудМастер, ТМ",,fullDay,True,Аналитик
187,53974395,Системный аналитик (Middle/Middle+),Алматы,От 1 года до 3 лет,Открытая,,2022-03-17T09:23:08+0300,False,VILED GROUP,,fullDay,True,Аналитик
188,53569802,Data Analyst,Алматы,От 1 года до 3 лет,Открытая,,2022-03-09T13:49:34+0300,False,Казахтелеком,,fullDay,True,Аналитик
189,53739303,"Бизнес-аналитик Службы ""Проектный офис""",Алматы,От 3 до 6 лет,Открытая,,2022-03-12T16:16:39+0300,True,Казахтелеком,,fullDay,True,Другое
190,53868760,Ведущий финансовый аналитик,Алматы,Более 6 лет,Открытая,,2022-03-15T11:48:59+0300,False,Авиакомпания Евро-Азия Эйр,,fullDay,True,"Финансовый аналитик, инвестиционный аналитик"
191,53250877,Ведущий специалист отдела планирования продаж (аналитик по планированию продаж),Алматы,От 1 года до 3 лет,Открытая,,2022-03-04T21:02:11+0300,False,Alina Group,,fullDay,True,Аналитик
192,51256091,Аналитик в Отдел компенсаций и мотивации персонала,Алматы,От 1 года до 3 лет,Открытая,,2022-03-09T11:09:45+0300,False,Банк ВТБ (Казахстан) Дочерняя организация Акционерное общество,,fullDay,True,Экономист
193,52038269,Финансовый аналитик (Бизнес-Партнер),Алматы,От 3 до 6 лет,Открытая,,2022-03-04T15:39:32+0300,False,ДБ Альфа-Банк,,fullDay,True,"Финансовый аналитик, инвестиционный аналитик"
194,54454010,Аналитик,Алматы,От 1 года до 3 лет,Открытая,,2022-03-30T12:07:44+0300,False,"Kaspi Bank, АО",,fullDay,True,Аналитик
195,54443983,Стажер BI-аналитик / Разработчик Power BI / Data Engineer,Алматы,Нет опыта,Открытая,,2022-03-30T08:20:39+0300,False,ASPEX,,remote,True,Аналитик
196,53283962,"Аналитик, Центр компетенций по низкоуглеродному развитию",Нур-Султан,От 3 до 6 лет,Открытая,,2022-03-29T17:25:12+0300,False,ERG Service,,fullDay,True,Бизнес-тренер
197,53968433,Бизнес-аналитик,Нур-Султан,От 3 до 6 лет,Открытая,,2022-03-17T07:10:32+0300,False,ERG Service,,fullDay,True,Аналитик
198,49935306,"Аналитик по стратегии, планированию и ценообразованию",Алматы,От 1 года до 3 лет,Открытая,,2022-03-09T14:29:45+0300,False,Magnum E-commerce Kazakhstan,,fullDay,True,Аналитик
199,53558425,Финансовый аналитик,Алматы,От 1 года до 3 лет,Открытая,,2022-03-09T11:41:49+0300,False,Филип Моррис Казахстан,,fullDay,True,"Финансовый аналитик, инвестиционный аналитик"
200,54426680,Аналитик программист,Нур-Султан,От 1 года до 3 лет,Открытая,,2022-03-29T14:50:25+0300,False,RG Gold,,remote,True,Аналитик
201,54478559,Экономист-аналитик,Костанай,Более 6 лет,Открытая,,2022-03-31T10:00:44+0300,False,Construction Company Плюс АВД,,fullDay,True,Экономист
202,54446342,Маркетолог-аналитик,Усть-Каменогорск,От 1 года до 3 лет,Открытая,,2022-03-30T09:27:36+0300,False,ДСП Центр Усть-Каменогорск,,fullDay,True,Менеджер по маркетингу и рекламе
203,54460143,Финансовый аналитик,Нур-Султан,От 3 до 6 лет,Открытая,,2022-03-30T14:27:02+0300,False,ЕвразианТек,,fullDay,True,"Финансовый аналитик, инвестиционный аналитик"
204,53924487,HR аналитик,Нур-Султан,От 3 до 6 лет,Открытая,,2022-03-31T11:18:42+0300,False,МЕЖДУНАРОДНЫЙ ОФ БІЛІМ ОРДА,,fullDay,True,Другое
205,52316310,Аналитик отдела закупа,Караганда,От 1 года до 3 лет,Открытая,,2022-03-29T12:34:52+0300,False,"Компания СтройДекор, ТМ",,fullDay,True,Экономист
206,54453072,Аналитик отдела продаж,Шымкент,От 1 года до 3 лет,Открытая,,2022-03-30T11:50:42+0300,False,Dizzy,,fullDay,True,Аналитик
207,54498892,Маркетолог-аналитик (пресейл проектов),Алматы,Нет опыта,Открытая,,2022-03-31T18:30:22+0300,False,«Machinery Logistics Group»,,fullDay,True,Менеджер по маркетингу и рекламе
208,53814686,"Старший специалист (финансовый аналитик, экономист) по учету материальных запасов",Алматы,От 3 до 6 лет,Открытая,,2022-03-29T13:08:16+0300,False,АК Алтыналмас,,fullDay,True,Аудитор
209,53568083,Бухгалтер с функцией аналитика,Алматы,Нет опыта,Открытая,,2022-03-30T13:26:17+0300,False,Double K Group,,fullDay,True,Бухгалтер
210,54495649,SFE Analyst,Алматы,От 3 до 6 лет,Открытая,,2022-03-31T16:29:22+0300,False,ПРЕДСТАВИТЕЛЬСТВО ОПЕЛЛА ХЭЛСКЕА ИНТЕРНЭШНЛ САС В РК,,fullDay,True,Аналитик
211,53168925,Senior Business Analyst,Алматы,От 3 до 6 лет,Открытая,,2022-03-30T13:45:09+0300,False,DataArt,,remote,True,Аналитик
212,53168924,Senior Business Analyst,Нур-Султан,От 3 до 6 лет,Открытая,,2022-03-30T13:45:09+0300,False,DataArt,,remote,True,Аналитик
213,54452960,Аналитик-экономист планово-экономического отдела,Нур-Султан,От 3 до 6 лет,Открытая,,2022-03-30T11:48:12+0300,False,Филиал ТОО «СарыаркаАвтоПром» в городе Алматы и Нур-Султан (allur),,fullDay,True,"Финансовый аналитик, инвестиционный аналитик"
214,54421792,Планер - аналитик,Усть-Каменогорск,От 1 года до 3 лет,Открытая,,2022-03-29T13:14:58+0300,False,Курмыш ЛТД,,fullDay,True,Аналитик
215,52915678,Логист-аналитик,Нур-Султан,От 1 года до 3 лет,Открытая,,2022-04-01T08:11:13+0300,False,КДК-Казахстанская Дверная Компания,,fullDay,True,Аналитик
216,53476820,Ассистент аналитика,Караганда,Нет опыта,Открытая,,2022-03-31T08:00:45+0300,False,ПАКТ,,fullDay,True,Координатор отдела продаж
217,54483005,Analyst/Intern (Emerging Markets Analyst Program),Нур-Султан,Нет опыта,Открытая,,2022-03-31T11:36:12+0300,False,Ситибанк Казахстан,,fullDay,True,Аналитик
218,54411807,Business Analyst,Алматы,От 3 до 6 лет,Открытая,,2022-03-29T10:23:37+0300,False,Andersen,,fullDay,True,Аналитик
219,54453147,Business Analyst,Алматы,От 3 до 6 лет,Открытая,,2022-03-30T11:52:25+0300,False,Andersen,,fullDay,True,Аналитик
220,54411806,Business Analyst,Нур-Султан,От 3 до 6 лет,Открытая,,2022-03-29T10:23:37+0300,False,Andersen,,fullDay,True,Аналитик
221,50579926,Финансовый аналитик (Business Development),Алматы,От 3 до 6 лет,Открытая,,2022-03-29T07:37:12+0300,False,Alem Agro Holding (АлемАгро Холдинг),,fullDay,True,"Финансовый аналитик, инвестиционный аналитик"
222,54453148,Business Analyst,Нур-Султан,От 3 до 6 лет,Открытая,,2022-03-30T11:52:25+0300,False,Andersen,,fullDay,True,Аналитик
223,54422883,Аналитик отдела продаж,Алматы,От 1 года до 3 лет,Открытая,,2022-03-29T13:34:54+0300,False,MANICA CONCIERGE,,fullDay,True,Аналитик
224,53479658,Аналитик в ресторан быстрого питания,Нур-Султан,От 1 года до 3 лет,Открытая,,2022-03-31T10:01:36+0300,False,МЕНДИМАМБЕТОВА Л.М (ресторан быстрого питания Lavash-Food),,fullDay,True,Аналитик
225,54484459,Химик-аналитик,Алматы,Нет опыта,Открытая,,2022-03-31T12:08:34+0300,False,Аврора Холдинг,,fullDay,True,"Научный специалист, исследователь, лаборант"
226,53737020,Техник химик-аналитик,Шымкент,От 1 года до 3 лет,Открытая,,2022-03-29T15:10:19+0300,False,СП КАТКО,,flyInFlyOut,True,"Научный специалист, исследователь, лаборант"
227,53263452,Аналитик SOC в Департамент информационной безопасности Банка,Алматы,От 1 года до 3 лет,Открытая,,2022-03-29T08:02:19+0300,False,Жилищный строительный сберегательный банк Отбасы банк,,fullDay,True,Специалист по информационной безопасности
228,54390834,Middle Business Analyst,Алматы,От 3 до 6 лет,Открытая,,2022-03-28T16:26:10+0300,False,DataArt,,remote,True,Аналитик
229,54390835,Middle Business Analyst,Нур-Султан,От 3 до 6 лет,Открытая,,2022-03-28T16:26:10+0300,False,DataArt,,remote,True,Аналитик
230,53403575,Аналитик 1С системы,Алматы,От 1 года до 3 лет,Открытая,,2022-03-28T15:28:29+0300,False,Magnum E-commerce Kazakhstan,,fullDay,True,Аналитик
231,54382826,HR аналитик,Алматы,От 1 года до 3 лет,Открытая,,2022-03-28T13:52:21+0300,False,KAZ Minerals,,fullDay,True,Аналитик
232,54390523,"Middle Business Analyst, Tech Solutions",Алматы,От 3 до 6 лет,Открытая,,2022-03-28T16:24:00+0300,False,DataArt,,remote,True,Аналитик
233,54390524,"Middle Business Analyst, Tech Solutions",Нур-Султан,От 3 до 6 лет,Открытая,,2022-03-28T16:24:00+0300,False,DataArt,,remote,True,Аналитик
234,54043944,Аналитик системы СЭД (система электронного документооборота),Алматы,От 1 года до 3 лет,Открытая,,2022-03-28T15:28:29+0300,False,Magnum E-commerce Kazakhstan,,fullDay,True,Аналитик
235,54383420,"Middle Data Analyst, Data Warehouse",Алматы,Нет опыта,Открытая,,2022-03-28T14:05:33+0300,False,DataArt,,fullDay,True,"Программист, разработчик"
236,53618123,Системный аналитик в IT,Алматы,От 1 года до 3 лет,Открытая,,2022-03-28T11:30:09+0300,False,"Банк Хоум Кредит, ДБ АО",,fullDay,True,Аналитик
237,54383421,"Middle Data Analyst, Data Warehouse",Нур-Султан,Нет опыта,Открытая,,2022-03-28T14:05:33+0300,False,DataArt,,fullDay,True,"Программист, разработчик"
238,54368414,Менеджер-аналитик (ситуационный центр),Усть-Каменогорск,От 1 года до 3 лет,Открытая,,2022-03-28T09:50:56+0300,False,Rating (IT-Компания Рейтинг),,fullDay,True,Аналитик
239,54380581,"Senior Data Analyst, Professional Certification",Алматы,От 3 до 6 лет,Открытая,,2022-03-28T13:11:32+0300,False,DataArt,,fullDay,True,"Программист, разработчик"
240,54380582,"Senior Data Analyst, Professional Certification",Нур-Султан,От 3 до 6 лет,Открытая,,2022-03-28T13:11:32+0300,False,DataArt,,fullDay,True,"Программист, разработчик"
241,54363814,Директор по портфельной аналитике сегмента платежных карточек,Алматы,Нет опыта,Открытая,,2022-03-28T08:24:01+0300,False,"Евразийский банк, АО",,fullDay,True,Другое
242,54373460,"Analyst, Strategy & Operations Group, Consulting Department",Нур-Султан,От 3 до 6 лет,Открытая,,2022-03-28T11:11:34+0300,False,KPMG,,fullDay,True,"Финансовый аналитик, инвестиционный аналитик"
243,51984283,Финансовый аналитик Oi-Qaragai Mountain Resort,Алматы,От 3 до 6 лет,Открытая,,2022-03-28T06:26:49+0300,False,Alina Group,,fullDay,True,"Финансовый аналитик, инвестиционный аналитик"
244,53353758,"Финансовый аналитик (ДЦ ""Subaru-Haval"" и ""Bavaria Atyrau"")",Атырау,От 3 до 6 лет,Открытая,,2022-03-28T10:03:21+0300,False,Hyundai Premium Atyrau,,fullDay,True,"Финансовый аналитик, инвестиционный аналитик"
245,54361863,Логист-аналитик,Тараз,От 1 года до 3 лет,Открытая,,2022-03-28T07:25:54+0300,False,Беркет-Сауда,,fullDay,True,"Менеджер по логистике, менеджер по ВЭД"
246,54363737,Химик-аналитик,Алматы,От 1 года до 3 лет,Открытая,,2022-03-28T08:22:21+0300,False,Медоптик,,fullDay,True,"Научный специалист, исследователь, лаборант"
247,54361627,Финансовый директор/финансовый аналитик,Алматы,Более 6 лет,Открытая,,2022-03-28T07:15:40+0300,False,PETROLEUM TECHNOLOGY,,fullDay,True,Финансовый директор (CFO)
248,54360986,Логист-аналитик,Алматы,От 1 года до 3 лет,Открытая,,2022-03-28T06:50:49+0300,False,GreenLights (Гринлайтс),,fullDay,True,"Менеджер по логистике, менеджер по ВЭД"
249,52287669,"Аналитик по бухгалтерскому, налоговом учету и финансовой отчетности",Нур-Султан,От 3 до 6 лет,Открытая,,2022-03-28T06:42:00+0300,False,1С-Рейтинг,,fullDay,True,Бухгалтер
250,54337384,Системный администратор (ИТ-аналитик),Алматы,Нет опыта,Открытая,,2022-03-26T08:45:13+0300,False,SPEY KAZAKHSTAN (СПЕЙ ҚАЗАҚСТАН),,fullDay,True,Системный администратор
251,53938560,Аналитик с навыками IТ специалиста,Нур-Султан,От 1 года до 3 лет,Открытая,,2022-03-25T12:39:42+0300,False,ТОО Zhiger trade,,fullDay,True,Специалист технической поддержки
252,54325550,Analyst/Intern (Emerging Markets Analyst Program 2022),Алматы,Нет опыта,Открытая,,2022-03-25T15:38:31+0300,False,Ситибанк Казахстан,,fullDay,True,Аналитик
253,54320237,Бизнес-аналитик в IT,Караганда,Более 6 лет,Открытая,,2022-03-25T13:35:59+0300,False,Flip.kz,,fullDay,True,Аналитик
254,54318435,Финансовый аналитик,Алматы,От 3 до 6 лет,Открытая,,2022-03-25T12:57:24+0300,False,ГАРАНТ ТЕХ СТРОЙ ИНЖИНИРИНГ,,fullDay,True,"Финансовый аналитик, инвестиционный аналитик"
255,54314228,Консультант-аналитик,Нур-Султан,От 1 года до 3 лет,Открытая,,2022-03-25T11:24:53+0300,False,RuSoft company,,fullDay,True,Аналитик
256,53870441,Инвестиционный аналитик (Senior level),Алматы,От 3 до 6 лет,Открытая,,2022-03-25T09:03:10+0300,False,"HALYK FINANCE, дочерняя организация АО Народный банк",,fullDay,True,"Финансовый аналитик, инвестиционный аналитик"
257,54309732,Финансовый аналитик,Алматы,От 3 до 6 лет,Открытая,,2022-03-25T09:48:23+0300,False,Jet Sharing,,fullDay,True,"Финансовый аналитик, инвестиционный аналитик"
258,54317057,Business Analyst,Кульсары,От 3 до 6 лет,Открытая,,2022-03-25T12:28:04+0300,False,ЮСС Супорт Сервисез,,flyInFlyOut,True,"Менеджер по продажам, менеджер по работе с клиентами"
259,54307527,Аналитик ИТ,Нур-Султан,От 1 года до 3 лет,Открытая,,2022-03-25T09:00:15+0300,False,"BI GROUP, ТМ (ТОО BI Support)",,fullDay,True,Аналитик
260,53940478,IT-аналитик/разработчик,Нур-Султан,От 1 года до 3 лет,Открытая,,2022-03-25T12:39:31+0300,False,ТОО Zhiger trade,,fullDay,True,"Программист, разработчик"
261,54306517,Аналитик управления проектирования и разработки,Нур-Султан,От 3 до 6 лет,Открытая,,2022-03-25T08:26:51+0300,False,РГП на ПХВ Инженерно-технический центр Управления Делами Президента Республики Казахстан,,fullDay,True,Аналитик
262,54303764,Младший логист-аналитик,Алматы,От 1 года до 3 лет,Открытая,,2022-03-25T05:53:00+0300,False,ПЕРВЫЙ ПИВЗАВОД,,fullDay,True,"Менеджер по логистике, менеджер по ВЭД"
263,54304254,Химик-аналитик,Караганда,От 1 года до 3 лет,Открытая,,2022-03-25T06:36:11+0300,False,"Евразиан Фудс Корпорэйшн, АО",,fullDay,True,"Научный специалист, исследователь, лаборант"
264,54281816,Финансовый аналитик,Алматы,От 1 года до 3 лет,Открытая,,2022-03-24T12:06:48+0300,False,MKC Logystics,,fullDay,True,"Финансовый аналитик, инвестиционный аналитик"
265,54286401,Главный специалист в Сектор антифрод аналитики в потребительском кредитовании,Алматы,От 1 года до 3 лет,Открытая,,2022-03-24T13:39:41+0300,False,"Евразийский банк, АО",,fullDay,True,Аудитор
266,54268783,Финансовый аналитик,Нур-Султан,От 1 года до 3 лет,Открытая,,2022-03-24T06:39:29+0300,False,Free Line Retail,,fullDay,True,"Финансовый аналитик, инвестиционный аналитик"
267,54270133,Специалист аналитик транспортного планирования,Алматы,От 1 года до 3 лет,Открытая,,2022-03-24T07:47:48+0300,False,Транспортный холдинг города Алматы,,fullDay,True,Другое
268,54266333,Аналитик/Менеджер по эффективности продаж,Алматы,Более 6 лет,Открытая,,2022-03-24T02:42:18+0300,False,Selena CA – Селена ЦА,,fullDay,True,Аналитик
269,54204500,Junior Business Development & Financial Analyst (remote),Нур-Султан,Нет опыта,Открытая,,2022-03-22T12:59:37+0300,False,Гринтернру,,remote,True,Аналитик
270,53992623,Аналитик / GR менеджер,Нур-Султан,От 1 года до 3 лет,Открытая,,2022-03-29T14:07:31+0300,False,KESAREV,,fullDay,True,Аудитор
271,54084185,"Business Analyst, Atyrau 5/2",Атырау,От 1 года до 3 лет,Открытая,,2022-03-19T13:56:07+0300,False,"FIRCROFT ENGINEERING SERVICES LIMITED, KAZAKHSTAN",,fullDay,True,"Финансовый аналитик, инвестиционный аналитик"
272,54060240,"Стажер (финансовый отдел, логистика, ИТ, аналитика)",Алматы,Нет опыта,Открытая,,2022-03-18T19:02:10+0300,False,ПРЕДСТАВИТЕЛЬСТВО ОПЕЛЛА ХЭЛСКЕА ИНТЕРНЭШНЛ САС В РК,,fullDay,True,Другое
273,52547301,Главный эксперт-Аналитик в сфере применения информационных технологий государственных органов,Нур-Султан,От 1 года до 3 лет,Открытая,,2022-03-18T14:44:20+0300,False,"Центр исследований, анализа и оценки эффективности",,fullDay,True,Другое
274,54041795,System Analyst,Алматы,От 1 года до 3 лет,Открытая,,2022-03-18T12:56:30+0300,False,DAR tech,,fullDay,True,Аналитик
275,54026898,Трейдер / Инвестиционный аналитик,Нур-Султан,Нет опыта,Открытая,,2022-03-18T08:38:40+0300,False,Build and Secure your investments,,fullDay,True,Аудитор
276,53994080,QA инженер / Аналитик,Алматы,От 1 года до 3 лет,Открытая,,2022-03-17T14:27:24+0300,False,WM-Kazakhstan,,fullDay,True,Тестировщик
277,53993472,Аналитик отдела продаж,Алматы,От 3 до 6 лет,Открытая,,2022-03-17T14:15:52+0300,False,АЛИДИ,,fullDay,True,Аналитик
278,53995718,Materials Management Analyst,Атырау,От 1 года до 3 лет,Открытая,,2022-03-17T14:54:11+0300,False,Tenaz Management,,flyInFlyOut,True,Другое
279,53966583,Кредитный аналитик Департамента малого и среднего бизнеса,Алматы,От 1 года до 3 лет,Открытая,,2022-03-17T06:01:53+0300,False,"Bank RBK, АО",,fullDay,True,Аналитик
280,52851265,Web аналитик\ Marketing performance analyst,Нур-Султан,От 1 года до 3 лет,Открытая,,2022-03-16T15:30:24+0300,False,Центр делового развития,,remote,True,Аналитик
281,53275768,Financial analyst,Алматы,От 3 до 6 лет,Открытая,,2022-03-29T14:49:12+0300,False,DHL Logistics Kazakhstan,,fullDay,True,"Финансовый аналитик, инвестиционный аналитик"
282,53936923,Ведущий специалист-аналитик в отдел информационных технологий,Нур-Султан,От 1 года до 3 лет,Открытая,,2022-03-16T14:26:44+0300,False,РГП ГОСГРАДКАДАСТР,,fullDay,True,Аналитик
283,53970043,TA Training group analyst,Атырау,От 3 до 6 лет,Открытая,,2022-03-17T07:44:52+0300,False,Bolashak Atyrau,,flyInFlyOut,True,Специалист технической поддержки
284,53983739,Менеджер по поиску клиентов (Аналитик),Усть-Каменогорск,От 1 года до 3 лет,Открытая,,2022-03-17T11:41:20+0300,False,Asia Logistic Transport,,fullDay,True,Аналитик
285,52399235,Финансовый аналитик,Алматы,От 3 до 6 лет,Открытая,,2022-03-16T10:47:22+0300,False,Гелиос,,fullDay,True,"Финансовый аналитик, инвестиционный аналитик"
286,53933100,Финансовый аналитик,Костанай,От 1 года до 3 лет,Открытая,,2022-03-16T13:20:12+0300,False,Олжа Агро,,fullDay,True,"Финансовый аналитик, инвестиционный аналитик"
287,52851264,Web Analyst (digital marketing&crypto),Алматы,От 1 года до 3 лет,Открытая,,2022-03-16T15:30:24+0300,False,Центр делового развития,,remote,True,Аналитик
288,53933771,Senior investment analyst,Алматы,От 3 до 6 лет,Открытая,,2022-03-16T13:38:42+0300,False,Казфосфат,,fullDay,True,"Финансовый аналитик, инвестиционный аналитик"
289,53917985,Senior FP&A Analyst,Алматы,От 1 года до 3 лет,Открытая,,2022-03-16T09:50:58+0300,False,Казфосфат,,fullDay,True,"Финансовый аналитик, инвестиционный аналитик"
290,53884349,Аналитик в отдел снабжения,Алматы,От 1 года до 3 лет,Открытая,,2022-03-15T15:50:34+0300,False,VENDER,,fullDay,True,Координатор отдела продаж
291,53879003,Маркетолог-аналитик,Алматы,От 1 года до 3 лет,Открытая,,2022-03-15T14:28:32+0300,False,Lugo group,,fullDay,True,Аналитик
292,53876726,Бизнес-аналитик 1С,Алматы,От 3 до 6 лет,Открытая,,2022-03-15T13:49:55+0300,False,ДБ Альфа-Банк,,fullDay,True,Аналитик
293,52545709,"Аналитик бизнес процессов учета ОС, НМА, ТМЗ",Алматы,От 1 года до 3 лет,Открытая,,2022-03-15T09:30:39+0300,False,Народный банк Казахстана,,fullDay,True,Другое
294,53855568,Аналитик-экономист,Шымкент,От 1 года до 3 лет,Открытая,,2022-03-15T08:17:50+0300,False,Ладушки,,fullDay,True,Экономист
295,53814088,Финансовый аналитик,Алматы,От 3 до 6 лет,Открытая,,2022-03-14T12:55:06+0300,False,Казахстанская пивная компания,,fullDay,True,"Финансовый аналитик, инвестиционный аналитик"
296,53794009,Senior/Middle системный аналитик,Алматы,От 3 до 6 лет,Открытая,,2022-03-14T08:24:57+0300,False,Мобайл Телеком-Сервис (Объединенная Компания Tele2/ALTEL),,fullDay,True,Аналитик
297,53789006,Корпоративный аналитик кредитного анализа,Нур-Султан,Более 6 лет,Открытая,,2022-03-14T06:21:12+0300,False,ForteBank,,fullDay,True,Аудитор
298,53807379,Математик-бизнес-аналитик Сектора информационных технологий по разработке систем логистики покупки,Караганда,От 1 года до 3 лет,Открытая,,2022-03-14T11:25:24+0300,False,АрселорМиттал Темиртау,,fullDay,True,Аналитик
299,53807281,"Математик/бизнес-аналитик, Сектор информационных технологий по разработке систем логистики сбыта",Караганда,От 1 года до 3 лет,Открытая,,2022-03-14T11:23:40+0300,False,АрселорМиттал Темиртау,,fullDay,True,Аналитик
300,53807318,Математик-бизнес-аналитик Сектора информационных технологий по разработке систем логистики покупки,Темиртау,От 1 года до 3 лет,Открытая,,2022-03-14T11:24:23+0300,False,АрселорМиттал Темиртау,,fullDay,True,Аналитик
301,53807253,"Математик-бизнес-аналитик, Сектор информационных технологий по разработке систем логистики сбыта",Темиртау,От 1 года до 3 лет,Открытая,,2022-03-14T11:22:59+0300,False,АрселорМиттал Темиртау,,fullDay,True,Аналитик
302,53767822,Аналитик Департамента Центрального Казначейства,Алматы,Более 6 лет,Открытая,,2022-03-13T14:20:01+0300,False,Публичная Компания «Freedom Finance Global PLC»,,fullDay,True,"Финансовый аналитик, инвестиционный аналитик"
303,53775003,IT Business Analyst (Remote),Аксай (Казахстан),От 3 до 6 лет,Открытая,,2022-03-13T19:58:51+0300,False,iQ-SOLUTIONS,,remote,True,Аналитик
304,53775676,SAP Consultant (SAP 1st Line Support Analyst ),Атырау,От 3 до 6 лет,Открытая,,2022-03-13T20:25:49+0300,False,iQ-SOLUTIONS,,remote,True,"Программист, разработчик"
305,53738546,Бизнес-аналитик Сектора развития цифровых клиентских путей Департамента «Digital Office»,Алматы,От 1 года до 3 лет,Открытая,,2022-03-12T15:52:00+0300,False,Казахтелеком,,fullDay,True,Аналитик
306,53734265,IT Business Analyst,Атырау,Более 6 лет,Открытая,,2022-03-12T13:27:12+0300,False,AYACOM,,fullDay,True,Аналитик
307,53687006,C&B Analyst,Алматы,От 1 года до 3 лет,Открытая,,2022-03-11T13:10:01+0300,False,AB Restaurants,,fullDay,True,Аналитик
308,53646628,Бизнес-аналитик по труду и заработной плате,Алматы,От 3 до 6 лет,Открытая,,2022-03-10T18:15:02+0300,False,Казахтелеком,,fullDay,True,Экономист
309,53622451,Аналитик данных (Data scientist) - Цифровой советчик тех. процесса,Нур-Султан,От 3 до 6 лет,Открытая,,2022-03-10T11:56:50+0300,False,Business and Technology Services,,fullDay,True,Аналитик
310,53689025,"Аналитик продаж (Ассистент супервайзера) ТК ""Ferrero""",Алматы,От 1 года до 3 лет,Открытая,,2022-03-11T13:37:53+0300,False,Алтын Алма,,fullDay,True,Аналитик
311,53588209,Аналитик по ресурсному планированию и затратам на персонал,Нур-Султан,От 3 до 6 лет,Открытая,,2022-03-09T19:17:58+0300,False,ERG Service,,fullDay,True,Менеджер по персоналу
312,52169763,Аналитик по тендерам,Алматы,Нет опыта,Открытая,,2022-03-09T14:43:46+0300,False,КемалханСтройЭлит,,fullDay,True,Аналитик
313,53544507,Аналитик сервиса ключевых клиентов,Алматы,От 1 года до 3 лет,Открытая,,2022-03-09T08:12:51+0300,False,Apple City Corps,,fullDay,True,Аналитик
314,53548937,Старший аналитик цифровых продуктов,Алматы,От 3 до 6 лет,Открытая,,2022-03-09T09:39:25+0300,False,"Beeline, ТМ",,flexible,True,Аналитик
315,52028970,Data engineer\ analyst,Алматы,От 3 до 6 лет,Открытая,,2022-03-09T07:04:08+0300,False,ASTER AUTO,,fullDay,True,Аналитик
316,53547039,Специалист-аналитик по сопровождению продаж (кофе Jacobs),Алматы,Нет опыта,Открытая,,2022-03-09T09:09:06+0300,False,Apple City Corps,,fullDay,True,Аналитик
317,52101182,Финансовый аналитик,Алматы,Более 6 лет,Открытая,,2022-03-06T11:39:57+0300,False,ПЕРВЫЙ ПИВЗАВОД,,fullDay,True,Финансовый менеджер
318,52179605,Главный аналитик (Департамент по мониторингу и предотвращению мошенничества в цифровых каналах),Алматы,От 1 года до 3 лет,Открытая,,2022-03-05T11:11:35+0300,False,ДБ Альфа-Банк,,fullDay,True,Аналитик
319,53420622,FIRM Analyst,Атырау,Нет опыта,Открытая,,2022-03-05T14:26:17+0300,False,"FIRCROFT ENGINEERING SERVICES LIMITED, KAZAKHSTAN",,fullDay,True,"Делопроизводитель, архивариус"
320,53401736,Аналитик СМИ и соцсетей,Нур-Султан,От 1 года до 3 лет,Открытая,,2022-03-05T06:50:07+0300,False,iMAS GROUP,,fullDay,True,Аналитик
321,53387351,Экономист-аналитик,Павлодар,От 1 года до 3 лет,Открытая,,2022-03-04T20:06:31+0300,False,Mineral Product,,fullDay,True,Экономист
322,53377097,Специалист(аналитик)Департамента Е-лицензирования и интегрированной информационной системы ЦОН,Нур-Султан,От 3 до 6 лет,Открытая,,2022-03-04T15:10:44+0300,False,Национальные информационные технологии,,fullDay,True,Аналитик
323,53330284,Финансовый аналитик,Актау,От 1 года до 3 лет,Открытая,,2022-03-03T16:01:26+0300,False,Филиал частной компании Aktau Tоurism City Ltd. в городе Актау,,fullDay,True,Бухгалтер
324,48465256,Консультант-аналитик (сопровождение и развитие информационных систем),Алматы,Нет опыта,Открытая,,2022-03-03T06:37:22+0300,False,"ALSECO, АО",,fullDay,True,Аналитик
325,53303418,Риск-аналитик в направление администрирования СПР малого и среднего бизнеса,Алматы,От 1 года до 3 лет,Открытая,,2022-03-03T08:12:04+0300,False,Банк ЦентрКредит,,fullDay,True,Другое
326,53263509,IT аналитик,Алматы,От 3 до 6 лет,Открытая,,2022-03-02T11:22:02+0300,False,PAYBOX Technologies,,fullDay,True,Аналитик
327,53271269,Администратор Битрикс24 (Бизнес-аналитик Битрикс24),Алматы,От 1 года до 3 лет,Открытая,,2022-03-02T13:40:01+0300,False,Орион Система,,fullDay,True,Аналитик
328,53416630,Химик-аналитик,Алматы,От 1 года до 3 лет,Открытая,,2022-03-05T12:55:11+0300,False,Snack Distribution,,shift,True,"Научный специалист, исследователь, лаборант"
329,52825178,"Консультант-аналитик по бухгалтерскому, налоговом учету и финансовой отчетности",Усть-Каменогорск,От 3 до 6 лет,Открытая,,2022-03-02T11:56:21+0300,False,1С-Рейтинг,,fullDay,True,Бухгалтер
330,53283668,Финансовый Аналитик Департамента Логистики,Алматы,Более 6 лет,Открытая,,2022-03-02T17:15:54+0300,False,Venerdi,,fullDay,True,"Финансовый аналитик, инвестиционный аналитик"
